{"cameraMode":{"drawMode":0,"name":"Shaded","section":"Shading Mode"},"sceneLighting":true,"audioPlay":false,"sceneViewState":{"m_AlwaysRefresh":false,"showFog":true,"showSkybox":true,"showFlares":true,"showImageEffects":true,"showParticleSystems":true,"showVisualEffectGraphs":true,"m_FxEnabled":true},"in2DMode":false,"pivot":{"x":-1.1246392726898194,"y":0.44579848647117617,"z":0.5184985399246216},"rotation":{"x":-0.08460763841867447,"y":-0.5187572240829468,"z":0.051687248051166537,"w":-0.8491547703742981},"size":1.3822071552276612,"orthographic":false}