{"cameraMode":{"drawMode":0,"name":"Shaded","section":"Shading Mode"},"sceneLighting":false,"audioPlay":false,"sceneViewState":{"m_AlwaysRefresh":false,"showFog":true,"showSkybox":false,"showFlares":true,"showImageEffects":true,"showParticleSystems":true,"showVisualEffectGraphs":true,"m_FxEnabled":true},"in2DMode":false,"pivot":{"x":-1.1845097541809083,"y":-1.2523949146270753,"z":0.3628573417663574},"rotation":{"x":-0.3356168866157532,"y":0.43026238679885867,"z":-0.17626339197158814,"w":-0.8192490339279175},"size":2.0933196544647219,"orthographic":false}